id,chemical_formula,DOI,REFCODE,model_pred
TANBOZ_clean.cif,Cu8C12N12,10.1016/S0020-1693(00)81684-9,TANBOZ,1.4919475
QERZUI_clean.cif,Cu2H16C24N4O8,10.1021/cg005519l,QERZUI,2.2430198
HEDGUS_clean.cif,Cu4H16C32N12O16,10.1002/(SICI)1521-3773(19990115)38:1/2<140::AID-ANIE140>3.0.CO;2-9,HEDGUS,2.2175493
QIGBIR_clean.cif,Mn8Re24C24S32N24,10.1039/b008040n,QIGBIR,1.4792688
TOFTIT_clean.cif,Cu24H128C288N80O112,10.1016/j.inoche.2014.04.027,TOFTIT,2.2275796
BEXSII_clean.cif,Cu6H32C60N4O28,10.1039/C3CE27023H,BEXSII,2.16455
FATLUJ_clean.cif,Cu4H52C56N10O20,10.1021/cg201594p,FATLUJ,2.4133937
UZUNAF_clean.cif,Cu4H44C44N8O16,10.1021/cg2004672,UZUNAF,2.3784342
UHUPET_clean.cif,Zn32C622O152,10.1126/science.1175441,UHUPET,2.112378
EZOBUR_clean.cif,Cu12H148C208N24O48F108,10.1021/ic200362c,EZOBUR,2.959289
ICAGOK_clean.cif,Cu8H96C144N24O24,10.1021/ic2008842,ICAGOK,2.2601793
YOCLIN_clean.cif,Cu12H24C72O48,10.1039/c3nr04161a,YOCLIN,1.836939
cg901128k_si_004_clean.cif,Cu10H30C30N60,10.1021/cg901128k,cg901128k_si_004,2.3117871
NIJSAC_clean.cif,Cu4H52C64N28O32,10.1039/C3CC45310C,NIJSAC,2.5120447
MURCAD_clean.cif,Cu4H28C32N8O16,10.1021/ic0258577,MURCAD,2.3077617
XAMDUM03_clean.cif,Cu12H24C72O48,10.1039/c1cc16045a,XAMDUM03,1.836939
SODQOT_clean.cif,Cu8H16C36O28,10.1039/C4CE00408F,SODQOT,1.793468
WEMDUP_clean.cif,Eu4C16O32,10.1039/c3ce26684b,WEMDUP,4.47805
BAHGUN04_clean.cif,Cu2H16C24N4O8,10.1016/S0020-1693(03)00215-9,BAHGUN04,2.2430198
CELKEL_clean.cif,Cu8H112C128N16O48,10.1016/j.jssc.2009.11.003,CELKEL,2.4159026
AHOKIR01_clean.cif,Cu2P2H8C4O6,10.1016/S0277-5387(03)00372-3,AHOKIR01,1.7601876
ACUFEK_clean.cif,Cu24H192C384N48O96,10.1021/ja058777l,ACUFEK,2.1838086
OGIKAR_clean.cif,Cu24H232C424N56O96,10.1039/b903932e,OGIKAR,2.2194095
RIBTAZ_clean.cif,Cu16H52C104N24O48,10.1039/C3CE40599K,RIBTAZ,2.0597317
DEJCIF_clean.cif,Cu4H12C28N4O16,10.1021/cg060087l,DEJCIF,2.0775828
VIXPUP01_clean.cif,Cu24H96C216N24O120,10.1002/chem.201304005,VIXPUP01,2.144764
DOKHOB_clean.cif,Cu6H68C88N8O24,10.1039/b808373h,DOKHOB,2.2935839
EDAVOV_clean.cif,Cu6H42C54N6O18,10.1016/j.ica.2007.02.019,EDAVOV,2.190923
PUJQEQ_clean.cif,Cu8H192C192N32,10.1039/A708943K,PUJQEQ,2.3662744
BAHGUN03_clean.cif,Cu2H16C24N4O8,10.1016/S0020-1693(03)00215-9,BAHGUN03,2.2430198
CITXUZ_clean.cif,Cu8H60C84N12O32,10.1039/b712905j,CITXUZ,2.2390592
KILJEV_clean.cif,Cu4P4H16C20N4O12,10.1021/ic070132u,KILJEV,2.089019
EFOTEZ_clean.cif,Mn8Re24C24Se32N24,-,EFOTEZ,1.4144604
UFUQIV_clean.cif,Cu8H128C160N32,10.1039/b202588d,UFUQIV,2.2558653
GIFFEI_clean.cif,Eu8C32N24O32,10.1002/zaac.201200234,GIFFEI,4.339328
IXAKAU_clean.cif,Cu8H56C104N8O32,10.1021/ic102188v,IXAKAU,2.166544
PELRIJ_clean.cif,Cu24H288C480N48O144,10.1039/c2ce26015h,PELRIJ,2.304658
JOFKIA_clean.cif,Cu6H12C18N24O12,10.1039/C3CE42087F,JOFKIA,2.21102
TUBJAD_clean.cif,Cu4H56C80N12O20,10.1016/j.ica.2014.12.001,TUBJAD,2.348398
cm501138g_si_012_clean.cif,Cu12H24C72O48,10.1021/cm501138g,cm501138g_si_012,1.836939
ja203898s_si_006_clean.cif,Cu6H78C120N18O30,10.1021/ja203898s,ja203898s_si_006,2.323481
LAZXOB_clean.cif,Cu12H32C88O48,10.1021/cg300518k,LAZXOB,1.8738668
AMAGAX_clean.cif,Cu12H72C120N48O48,10.1021/ic1012523,AMAGAX,2.2962744
DOLXOR02_clean.cif,Cu10C12N12,10.1016/j.inoche.2005.05.024,DOLXOR02,1.4242144
XASFAY_clean.cif,Cu4H96C96N16,10.1039/B003092I,XASFAY,2.3662744
BEXVEH_clean.cif,Cu24H104C208O104,10.1039/C3CE27006H,BEXVEH,1.9345083
CUGLTM02_clean.cif,Cu4H28C20N4O16,-,CUGLTM02,2.3475497
cm501138g_si_010_clean.cif,Cu12H24C72O48,10.1021/cm501138g,cm501138g_si_010,1.836939
KAVTUY_clean.cif,Cu12P12H36C36O36,10.1039/c0ce00439a,KAVTUY,1.7605922
ja994186h_clean.cif,Co4Re12C12S16N12O4,10.1021/ja994186h,ja994186h,1.4963275
XAMDUM02_clean.cif,Cu12H24C72O48,10.1039/c1cc16045a,XAMDUM02,1.836939
PAMHIW_clean.cif,Cu12H120C168N24O48,10.1021/cg200983y,PAMHIW,2.2734804
UXUPIN_clean.cif,Cu8H128C160N32,10.1021/ja201170c,UXUPIN,2.2558653
HAZSIL_clean.cif,Cu8P8H36C28N8O24,10.1016/j.jssc.2005.10.015,HAZSIL,2.1681666
AQUDAS_clean.cif,Cu12H30C50N20O20,10.1016/j.ica.2011.04.006,AQUDAS,1.9442861
YEQRER_clean.cif,Yb2K2Pt4C16N16,10.1021/ic0014787,YEQRER,1.8714558
XAMDUM04_clean.cif,Cu12H24C72O48,10.1039/c1cc16045a,XAMDUM04,1.836939
ZILFOR_manual.cif,C216H120N8O64Cu16,10.1039/C3TA12662E,ZILFOR,2.163834
UXUPEJ_clean.cif,Cu8H128C160N32,10.1021/ja201170c,UXUPEJ,2.2558653
GAMXAV_clean.cif,Cu12H64C144N16O32,10.1021/ja204339e,GAMXAV,2.0639052
MOCKAR_clean.cif,Cu6H24C54O24,10.1021/cm800403d,MOCKAR,1.9160593
IKEBUV_clean.cif,Cu4H8C12O16,10.1021/ic034346x,IKEBUV,1.770621
AMUXAI_clean.cif,Cu6H52C84N8O24,10.1039/c0cc05074a,AMUXAI,2.2131724
OPENIH_clean.cif,Cu4H22C44N10O16,10.1016/j.inoche.2009.10.025,OPENIH,2.1894553
QOFKUT_clean.cif,Cu8H32C64N16O16,10.1039/C4RA02147A,QOFKUT,2.0406814
PIYZAZ_clean.cif,Cd2C8,10.1002/anie.200704421,PIYZAZ,1.4040245
ADODAA_charged.cif,Cu24H48C96N48O56,10.1039/c2cc35606f,ADODAA,2.001831
TEWGEJ_clean.cif,Cu4H72C120N16O32,10.1021/cg3017563,TEWGEJ,2.3844624
LUNBAX_clean.cif,Fe6W12C12S16N12,10.1021/cm020103b,LUNBAX,1.4521686
cm501138g_si_006_clean.cif,Cu12H24C72O48,10.1021/cm501138g,cm501138g_si_006,1.836939
CENKAJ_clean.cif,Cu18H84C78N36O30,10.1021/cg3012712,CENKAJ,2.1824613
QOFLAA_clean.cif,Cu8H16C32N16O16,10.1039/C4RA02147A,QOFLAA,1.9707487
BIMDIL_clean.cif,Cu4H24C28O16,10.1021/ja003159k,BIMDIL,1.9942079
XALXUF_clean.cif,Cu24H96C216N48O96,10.1039/c1cc15962c,XALXUF,2.1406794
DEQFOU_clean.cif,Cu8H36C40N16O12,10.1016/S0020-1693(98)00223-0,DEQFOU,2.1207902
RAZGOQ_clean.cif,Cu8H16C32O32,10.1016/j.poly.2012.04.012,RAZGOQ,1.8011637
CUGLTM01_clean.cif,Cu4H28C20N4O16,10.1016/S0020-1693(98)00224-2,CUGLTM01,2.3475497
EXOZEX_clean.cif,Cu3H24C24N6O18,10.1039/c1dt10822k,EXOZEX,2.3991168
FECXES_clean.cif,Cu16H80C148O80,10.1039/c2jm15538a,FECXES,1.9670688
LIZWEX_charged.cif,Cu48H72C216N104O224,10.1021/ja710123s,LIZWEX,2.1477928
BEPVAV_clean.cif,Cu6H42C40N16,10.1039/c3sc00016h,BEPVAV,2.1416922
HOGLEV_clean.cif,Cu48H192C408O192,10.1002/anie.200802087,HOGLEV,1.9147546
ncomms7350-s2_clean.cif,Cu16H64C56N48,10.1038/ncomms7350,ncomms7350-s2,2.0616672
LAZGOK_manual.cif,Cu5H24C30N12O24,10.1007/s11243-011-9548-1,LAZGOK,2.2987137
XAMDUM_clean.cif,Cu12H24C72O48,10.1039/c1cc16045a,XAMDUM,1.836939
KOQLUZ_clean.cif,Cu2Si2H20W24C24N8O60,10.1039/C4CE01725K,KOQLUZ,1.6656116
UNACIW_clean.cif,Cu4H32C56N8O20,10.1039/c0cc04689b,UNACIW,2.2424803
NEJSEC_clean.cif,Cu8H64C104N8O32,10.1126/science.1231451,NEJSEC,2.1976247
XAMDUM05_clean.cif,Cu12H24C72O48,10.1039/c1cc16045a,XAMDUM05,1.836939
WOCWAN_clean.cif,Cu4H44C44N4O16,10.1021/ic8004008,WOCWAN,2.3582468
LEHXUT_clean.cif,Cu24H216C408N24O120,10.1039/c2cc17593b,LEHXUT,2.2122214
WORREC_clean.cif,Cu4H20C36O16,10.1039/C4CC09999K,WORREC,1.9425194
cm501138g_si_005_clean.cif,Cu12H24C72O48,10.1021/cm501138g,cm501138g_si_005,1.836939
UXUNUX_clean.cif,Cu8H128C160N32,10.1021/ja201170c,UXUNUX,2.2558653
ja4012707_si_004_clean.cif,Zn4C16,10.1021/ja4012707,ja4012707_si_004,1.390276
NEJSOM_clean.cif,Cu4H36C56N4O16,10.1126/science.1231451,NEJSOM,2.2164822
IGAHAB_clean.cif,Cr6Cu6H72C84N12Cl14O26,10.1039/C3CC44133D,IGAHAB,2.2915716
UTOTUT_clean.cif,Cu8H20C36N24O28,10.1021/cg1015934,UTOTUT,2.201171
ADASEF_clean.cif,Cu48H168C360N96O104,10.1002/anie.201201202,ADASEF,2.0287235
LOXWAY_clean.cif,Cu4H44C44N4O16,10.1002/anie.201408933,LOXWAY,2.3582468
DAKVUI_clean.cif,Cu16H80C148O80,10.1021/cg200919m,DAKVUI,1.9670688
EKARUE_clean.cif,Cu8H56C112N24O32,10.1016/j.ica.2009.10.011,EKARUE,2.2096045
GUXJUF_clean.cif,Cu24H192C256N48O96,10.1002/chem.200802730,GUXJUF,2.279692
LASDEQ_clean.cif,Cu48H192C408O240,10.1039/c2ce06384k,LASDEQ,1.9427186
QEFNAQ_clean.cif,N48C96H72Cu12O24,10.1021/ja002624a,QEFNAQ,2.2627017
YEQRIV_clean.cif,Eu2K2Ni4C16N16,10.1021/ic0014787,YEQRIV,2.866368
TAPKAY_clean.cif,Cu8P8H28C28N4O28,10.1039/c0ce00791a,TAPKAY,2.0976253
XEKCOH_clean.cif,K8La8Pt16C64N64O4,10.1016/j.ica.2012.08.031,XEKCOH,1.7382958
ZIKJOU_clean.cif,Cu4H30C48N2O16,10.1039/C3CE41095A,ZIKJOU,2.1840315
NAJMIV_charged.cif,Cu8H128C160N56O72,10.1039/b412334d,NAJMIV,2.5186844
CIPCUB_clean.cif,Cd4Ag4H56C112I8N8O32,10.1039/C3CE41714J,CIPCUB,2.3992872
DEGJIK_clean.cif,Cu4H16C24N20,10.1016/j.ica.2012.06.008,DEGJIK,2.1491435
PASNEE_clean.cif,Cu10H28C48O48,10.1039/c2ce25283j,PASNEE,1.8824632
cm501138g_si_002_clean.cif,Cu12H24C72O48,10.1021/cm501138g,cm501138g_si_002,1.836939
JOVXEZ_clean.cif,Cu4H32C44N8O8,10.1016/j.inoche.2014.06.028,JOVXEZ,2.1763024
FIGQUJ_clean.cif,Cu4H42C42N6O18,10.1016/j.ica.2013.05.009,FIGQUJ,2.3755498
MABJUV01_clean.cif,Cu4H40C40N4O16,10.1039/b301219k,MABJUV01,2.3444166
BEPVOJ01_clean.cif,Cu6H42C40N16,10.1039/c3sc00016h,BEPVOJ01,2.1416922
VUHJAK_clean.cif,Cu18P12H48C84O66,10.1039/b816132c,VUHJAK,1.8116577
LAGHIL_clean.cif,Cu3H24C36N6O12,10.1016/j.poly.2004.04.026,LAGHIL,2.2430198
YAPLUY_clean.cif,Cu48H288C384N288,10.1021/ja208469n,YAPLUY,2.2406964
BIMDEF_clean.cif,Cu4H24C28O16,10.1021/ja003159k,BIMDEF,1.9942079
JUTCUW_SL.cif,Cd2C8,10.1021/ja00052a073,JUTCUW,1.4040245
UNABUH01_clean.cif,Cu4H32C56N8O20,10.1039/c0cc04689b,UNABUH01,2.2424803
HAJJAE_clean.cif,Cu4H16C32N12O16,10.1039/b406883a,HAJJAE,2.2175493
FARYAA_clean.cif,K4Nd4Re16Te16C48N48,10.1016/j.poly.2011.10.020,FARYAA,1.6656561
cm501138g_si_011_clean.cif,Cu12H24C72O48,10.1021/cm501138g,cm501138g_si_011,1.836939
IDUDIW_clean.cif,Cu4H24C48N8O16,10.1021/ja309992a,IDUDIW,2.174979
QULKIS_charged.cif,Cu4H80C104N12O28Cl2,10.1039/b903214b,QULKIS,2.5335183
GIWNUV_clean.cif,Cu12H36C48N24O12,10.1002/(SICI)1521-3773(19981231)37:24<3366::AID-ANIE3366>3.0.CO;2-Z,GIWNUV,1.9555801
VURYIR_clean.cif,Cu4H24C52N12O16,10.1246/cl.2010.218,VURYIR,2.1932333
ic501849g_si_002_clean.cif,Cu6H40C56N4O28,10.1021/ic501849g,ic501849g_si_002,2.2269106
UTOTUT01_clean.cif,Cu8H24C36N24O28,10.1039/c1dt10958h,UTOTUT01,2.22634
XEBHOC_clean.cif,Cu4H40C68N4O16,10.1039/b505664k,XEBHOC,2.2078156
NAYZOE_clean.cif,Cu12H96C168N8O48,10.1002/adfm.201102157,NAYZOE,2.1776667
PEDMOB_clean.cif,Cu8P12H68C76N8O36,10.1021/ic0509377,PEDMOB,2.2857146
HAWZEM_clean.cif,Cu4H32C48N8O16,10.1016/j.inoche.2011.12.041,HAWZEM,2.2430198
MAFJIO_clean.cif,Cu12H72C114O60,10.1039/C0CC03270K,MAFJIO,1.9942174
DOKDEN_clean.cif,Cu6H78C96N6O24,10.1039/b806616g,DOKDEN,2.316849
IFEPIT_clean.cif,Gd2Re12Te16C12N12,10.1016/j.poly.2008.04.054,IFEPIT,1.3769705
HOGLEV01_clean.cif,Cu12H48C102O48,10.1002/anie.200802087,HOGLEV01,1.9147546
TEWFUY_clean.cif,Cu4H72C120N16O32,10.1021/cg3017563,TEWFUY,2.3844624
ECASOS_clean.cif,Cu4P8H32C32N16O24,10.1080/10610278.2010.523119,ECASOS,2.4105875
QIWDOR_clean.cif,Cu4H36C44N12O16,10.1039/C4CC00857J,QIWDOR,2.3432715
UCOCUM_neutral.cif,Cu12H24C72O48,10.1021/ja203695h,UCOCUM,1.836939
ja4012707_si_003_clean.cif,Zn2C8,10.1021/ja4012707,ja4012707_si_003,1.390276
VEHPUU_clean.cif,Cu4H28C48N12O16,10.1002/anie.200600333,VEHPUU,2.249877
ZECKID_clean.cif,Cu4H24C24N8O8,10.1002/chem.201201820,ZECKID,2.231946
EFOSUO_clean.cif,Mn8Re24C24S32N24,-,EFOSUO,1.4792688
KAHNOX_clean.cif,Cu10C12N12,private communication,KAHNOX,1.4242144
BUSQUC_clean.cif,Cu4H48C72N4O16,10.1021/cm9025683,BUSQUC,2.2496548
LECFUW_charged.cif,Cu18H84C132N42O75,10.1021/ic3003228,LECFUW,2.2340615
NEJSAY_clean.cif,Cu8H64C104N8O32,10.1126/science.1231451,NEJSAY,2.1976247
CAWDOU_charged.cif,Cu4H72C96N32O28Cl4,10.1021/ic0505504,CAWDOU,2.5515983
OHOMIH_clean.cif,Cu4H6C18O14,10.1246/cl.2003.590,OHOMIH,1.7618151
EZOBUR02_clean.cif,Cu12H148C212N24O48F116,10.1021/ic200362c,EZOBUR02,2.9717052
UZUNAF01_clean.cif,Cu4H44C44N8O16,10.1021/cg2004672,UZUNAF01,2.3784342
LECFEG_clean.cif,Cu18H64C120Se4N36O68,10.1021/ic3003228,LECFEG,2.193889
BAHGUN01_clean.cif,Cu2H16C24N4O8,10.1039/b200213b,BAHGUN01,2.2430198
KEYYET_clean.cif,Mn8Re24C24Se32N24,10.1016/j.ica.2006.09.031,KEYYET,1.4144604
EDOMAM_clean.cif,Cu4H48C76N4O16,10.1039/b702176c,EDOMAM,2.237301
CAJQIP_clean.cif,Cu8H76C132N16O40,10.1021/ja205658j,CAJQIP,2.2523928
PEDMER_clean.cif,Cu6P6H6C12O18,10.1021/ic0509377,PEDMER,1.6257305
ZAZBUZ_clean.cif,Cu2H8C16O8,-,ZAZBUZ,1.9153715
OKABEI_clean.cif,Cu18H84C156N24O72,10.1039/c0cc03482g,OKABEI,2.1462972
IXISAJ_clean.cif,Cu8H48C48Br8N16,10.1039/b316561b,IXISAJ,2.0374267
IBOZIK_clean.cif,Cu8H64C58N8O20,10.1039/c1ce05549f,IBOZIK,2.278077
XADFAL_clean.cif,Cu4H16C36N8O16,10.1002/ejic.201000291,XADFAL,2.1406794
HEDCIE_clean.cif,Cu8H80C132N4O40,10.1021/ic300778m,HEDCIE,2.2373357
GOKBUE_clean.cif,Cu8H24C16O24,10.1080/00958970802061156,GOKBUE,1.7332739
POVZOR_clean.cif,Eu2Cu5Si2H36W22C44N20O66,10.1039/C4CE01409J,POVZOR,2.1940608
DEFKUU_clean.cif,Cu6P4H16C12O20,10.1107/S0108270185008745,DEFKUU,1.7060151
DOLXOR01_clean.cif,Cu10C12N12,10.1107/S160053680401921X,DOLXOR01,1.4242144
VURYOX_clean.cif,Cu4H24C44N16O16,10.1246/cl.2010.218,VURYOX,2.2794366
VIXCUB_clean.cif,Cu12H32C64N16Cl8O16,10.1016/j.inoche.2007.11.017,VIXCUB,1.9386929
FIBHIJ_clean.cif,Cu6H42C40N16,10.1039/c3sc00016h,FIBHIJ,2.1416922
AMUWUB_clean.cif,Cu6H42C74N6O24,10.1039/c0cc05074a,AMUWUB,2.1752434
CAWDOU01_charged.cif,Cu4H72C96N32O60Cl12,10.1021/ic0505504,CAWDOU01,2.5760555
NEJRUR_clean.cif,Cu4H32C52N4O16,10.1126/science.1231451,NEJRUR,2.1976247
VITKUG_charged.cif,Cu8H48C52O36N4,10.1002/zaac.201300527,VITKUG,2.2660952
UGOSOY_charged.cif,Cu4H64C96N32O24Cl4,10.1021/ic025559+,UGOSOY,2.5185559
NUBPIL_clean.cif,Cu4H24C44N8O16,10.1039/C4DT03371J,NUBPIL,2.187181
SEGBIR_clean.cif,Cu3H30C48N12O12,10.1039/c2cc37453f,SEGBIR,2.3063378
IDORIE_clean.cif,Cu28H168C240N144,10.1039/C3CE41008K,IDORIE,2.1756845
UGEPEB01_clean.cif,Cu4H20C24N4O12,10.1021/ic050024c,UGEPEB01,2.16185
TIQGEG_clean.cif,Cu14H24C32O44,10.1021/cm071005z,TIQGEG,1.689126
IDUDES_clean.cif,Cu4H28C52N4O16,10.1021/ja309992a,IDUDES,2.166544
COJGEO_clean.cif,Zn12Cu4H104C160N16O56,10.1021/ja710144k,COJGEO,2.4266586
XADDEN_manual.cif,Cu12H24C72O48,10.1002/ejic.201000331,XADDEN,1.836939
MOCKEV_clean.cif,Cu6H18C48N6O24,10.1021/cm800403d,MOCKEV,2.0716481
BAHGUN02_clean.cif,Cu2H16C24N4O8,10.1039/b201501n,BAHGUN02,2.2430198
ZIJVOF01_clean.cif,Cu8H48C48N16O16,10.1039/C3CE41111G,ZIJVOF01,2.231946
ic502921j_si_002_clean.cif,Cu24H32C144N16O96,10.1021/ic502921j,ic502921j_si_002,1.9892926
LEJBUX_clean.cif,Cd8C32,10.1039/C39940000637,LEJBUX,1.4040245
AMAFOK_clean.cif,Cu3H18C30N12O12,10.1021/ic1012523,AMAFOK,2.2962744
EBIPIQ_clean.cif,Cu4H28C36N12O16,10.1039/c1ce05466j,EBIPIQ,2.3168223
XALXUF01_clean.cif,Cu24H96C216N48O96,10.1002/anie.201105966,XALXUF01,2.1406794
ORAGEU_clean.cif,Gd6Re16C48Se16N48,10.1016/j.poly.2011.02.051,ORAGEU,1.7626278
ja203898s_si_004_clean.cif,Cu6H54C84N6O30,10.1021/ja203898s,ja203898s_si_004,2.252814
LOXWEC_clean.cif,Cu4H44C44N8O16,10.1002/anie.201408933,LOXWEC,2.3784342
ZECKOJ_clean.cif,Cu4H24C24N8O8,10.1002/chem.201201820,ZECKOJ,2.231946
EMIHEO_charged.cif,Cd8In32H8C12S62N8,10.1002/anie.201006531,EMIHEO,1.56772
BAHGUN_clean.cif,Cu2H16C24N4O8,10.1006/jssc.2001.9118,BAHGUN,2.2430198
TIZVIH01_charged.cif,Cu2H32C40N8Cl2O8,10.1021/ic9707725,TIZVIH01,2.4685078
DOKHIV_clean.cif,Cu8H28C56N4O28,10.1039/b808373h,DOKHIV,2.0468223
LENKIA_clean.cif,Cu6H6C24O18,10.1039/c2dt32138f,LENKIA,1.6890268
ic102347b_si_001_clean.cif,Cu4H48C72N8O20,10.1021/ic102347b,ic102347b_si_001,2.305719
UNABUH_clean.cif,Cu4H32C56N8O20,10.1039/c0cc04689b,UNABUH,2.2424803
IBUDOZ_clean.cif,Cu4H16C24N20,10.1002/ejic.200400170,IBUDOZ,2.1491435
FEVNOK_clean.cif,Cu4H16C32N12O16,10.1002/anie.200461895,FEVNOK,2.2175493
ic025743v_s1_clean.cif,Cu8C32,10.1021/ic025743v,ic025743v_s1,1.359265
TARWAK_clean.cif,Cu4H4C24N36,10.1039/cc9960001099,TARWAK,2.3475351
IGAGUU_clean.cif,Cr18Cu12H216C252N36Cl28O78,10.1039/C3CC44133D,IGAGUU,2.3815796
EFOTID_clean.cif,Mn8Re24Te32C24N24,-,EFOTID,1.3916972
cg400449c_si_001_clean.cif,C252H108Cu24O96N12,10.1021/cg400449c,cg400449c_si_001,2.0886722
SIZNIA_clean.cif,Cu4H48C56N8O16,10.1039/C4CE00187G,SIZNIA,2.3461335
NAYGUR_clean.cif,C32H40N24Cu4,10.1039/c2dt30078h,NAYGUR,2.365836
NELWIL_clean.cif,Cu4H16C32N12O16,10.1002/anie.200600976,NELWIL,2.2175493
NATNOM_charged.cif,Cu2H40C52N12O20Cl2,10.1002/anie.200501753,NATNOM,2.5701487
IDAZEU_clean.cif,Yb2K2C8O16,10.1107/S1600536811046022,IDAZEU,4.1862774
ALIXUP_clean.cif,Cu12H40C68O40,10.1039/c001655a,ALIXUP,1.862325
EXOZIB_clean.cif,Cu3H24C24N6O18,10.1039/c1dt10822k,EXOZIB,2.3991168
MAYKOO_clean.cif,Cu12H136C192N8O48,10.1021/ic300950h,MAYKOO,2.254425
QERZUI01_clean.cif,Cu2H16C24N4O8,10.1039/b200213b,QERZUI01,2.2430198
YOCLEJ_clean.cif,Cu12H24C72O48,10.1039/c3nr04161a,YOCLEJ,1.836939
OFOCUI_clean.cif,Cu24H72C192N24O96,10.1021/cg8001114,OFOCUI,2.0716481
CENJIQ_clean.cif,Cu18H84C78N36O30,10.1021/cg3012712,CENJIQ,2.1824613
GEWXAJ_clean.cif,Cu8H40C56N16O28,10.1016/j.jssc.2012.10.003,GEWXAJ,2.2168217
EFOTAV_clean.cif,Mn8Re24C24S32N24,-,EFOTAV,1.4792688
XAMDUM01_clean.cif,Cu12H24C72O48,10.1039/c1cc16045a,XAMDUM01,1.836939
cm501138g_si_009_clean.cif,Cu12H24C72O48,10.1021/cm501138g,cm501138g_si_009,1.836939
XAMDUM06_clean.cif,Cu12H24C72O48,10.1039/c1cc16045a,XAMDUM06,1.836939
ZIJVOF_clean.cif,Cu8H48C48N16O16,10.1039/C3CE41111G,ZIJVOF,2.231946
TEJQAC_clean.cif,Cu16H192C312N48O64,10.1016/j.poly.2012.05.047,TEJQAC,2.2709832
BARZOK_clean.cif,Cu12H132C204N12O48,10.1039/b301221b,BARZOK,2.23585
PODKOK_clean.cif,Cu24H192C384N80O96,10.1021/cm404155s,PODKOK,2.2210646
GEGDED_clean.cif,Cu16H80C148O80,10.1021/cm2008889,GEGDED,1.9670688
ZIJVOF02_clean.cif,Cu8H48C48N16O16,10.1039/C3CE41111G,ZIJVOF02,2.231946
CECVAI_clean.cif,Cu24H120C176N48O48,10.1002/ejic.200500652,CECVAI,2.1141706
QUQHAM_clean.cif,Cu6H12C24N4O16,10.1021/cg1001573,QUQHAM,1.9106869
DOLXOR_clean.cif,Cu10C12N12,10.1016/S0020-1693(00)86845-0,DOLXOR,1.4242144
BACMOH10_clean.cif,Cu4H36C28N12O16,10.1021/ic00136a027,BACMOH10,2.426223
HOHMEX_manual.cif,Cu8H96C160N8O40,10.1002/chem.200801064,HOHMEX,2.25491
CUGLTM_clean.cif,Cu4H28C20N4O16,10.1107/S0365110X66003517,CUGLTM,2.3475497
POTNET_clean.cif,Cu5H12C32O20,10.1021/acs.cgd.5b00205,POTNET,1.8575575
KUCDIW_clean.cif,Cu24B24H480C384N192,10.1021/ja901725v,KUCDIW,2.475834
cg301577a_si_002_clean.cif,C208H112N16O64Cu12,10.1021/cg301577a,cg301577a_si_002,2.2346187
NAMZIL_clean.cif,Mn4Re12Te16C12N12,-,NAMZIL,1.3916972
IPICUG_charged.cif,Cu8H80C112N48Cl12O48,10.1016/j.inoche.2010.10.012,IPICUG,2.4648242
HAXMUP_clean.cif,Cu6H48C30N18O6,10.1246/cl.2005.620,HAXMUP,2.3476963
YEKXOD_clean.cif,Cu8H72C112N8O32,10.1039/c2cc35340g,YEKXOD,2.2164822
TIZVIH_charged.cif,Cu2H32C40N8Cl2O8,-,TIZVIH,2.4685078
QISVEU_clean.cif,Cu12H52C160N12Cl36O48,10.1039/b713705b,QISVEU,2.0614922
UGEPEB_clean.cif,Cu4H20C24N4O12,10.1039/b201501n,UGEPEB,2.16185
UFUNAK_clean.cif,Cu2H16C24N4O8,10.1039/b200213b,UFUNAK,2.2430198
ADASAB_charged.cif,Cu48H264C504N96O176,10.1002/anie.201201202,ADASAB,2.1648798
ECODIK_clean.cif,Cu8H32C48N8O20,10.1016/j.jssc.2005.12.012,ECODIK,2.0529947
ZIKJIO_clean.cif,Cu4H30C48N2O16,10.1039/C3CE41095A,ZIKJIO,2.1840315
BEPVID_clean.cif,Cu6H42C40N16,10.1039/c3sc00016h,BEPVID,2.1416922
IKETOH_manual.cif,Cu12C72O48H24,10.1016/S1387-7003(03)00172-2,IKETOH,1.836939
IPOWOA_clean.cif,Cu10H28C48O48,10.1016/j.ica.2011.01.019,IPOWOA,1.8824632
WANJIF_clean.cif,Cu4H32C48N8O16,10.1039/b417013j,WANJIF,2.2430198
MABJUV_clean.cif,Cu4H40C40N4O16,10.1039/b301219k,MABJUV,2.3444166
QOZFUG_charged.cif,Cu6H144C144N48,10.1039/b100325i,QOZFUG,2.4301364
IKEBUV01_clean.cif,Cu4H8C12O16,10.1016/j.molstruc.2005.01.055,IKEBUV01,1.770621
OKABAE_clean.cif,Cu18H60C156N24O72,10.1039/c0cc03482g,OKABAE,2.0908694
NIBHOW_clean.cif,Cu12H96C192N24O48,10.1021/ja067435s,NIBHOW,2.1838086
ic034943jsi20030807_040506_clean.cif,Cu10H96C128N16O32,10.1021/ic034943j,ic034943jsi20030807_040506,2.2434545
ICIZAV_clean.cif,Cu4P4H16C20N4O12,10.1021/ic010609g,ICIZAV,2.089019
KAGCAY_charged.cif,Cu24H48C96N48O56,10.1002/anie.201003314,KAGCAY,2.001831
AGESIP_clean.cif,Cu6H4C16O20,10.1002/zaac.200800259,AGESIP,1.66397
RAGREY_charged.cif,Cu4H64C80N16,-,RAGREY,2.2558653
MEHPAQ_clean.cif,Cu4H28C20N4O16,10.1016/S0020-1693(98)00224-2,MEHPAQ,2.3475497
XADDIR_manual.cif,Cu12H24C72O48,10.1002/ejic.201000331,XADDIR,1.836939
XAWVUN_clean.cif,Cu4H40C68N4O16,10.1039/b505664k,XAWVUN,2.2078156
INURIS_clean.cif,Cu24H264C360N24O72,10.1002/anie.200352024,INURIS,2.2308757
BEPVEZ_clean.cif,Cu6H42C40N16,10.1039/c3sc00016h,BEPVEZ,2.1416922
ic5008457_si_002_clean.cif,Cu6H32C48N52,10.1021/ic5008457,ic5008457_si_002,2.3570168
UGUGUZ_clean.cif,Yb8C48N12O48,10.1039/b900618d,UGUGUZ,4.0175915
QAVDEW_clean.cif,Cu6H24C16N32O16,10.1016/S0020-1693(00)00244-9,QAVDEW,2.4102616
MILROQ_clean.cif,Cu72H520C616N104O96,10.1007/s11426-013-4851-7,MILROQ,2.1399283
ADATIK_clean.cif,Cu48H192C384N120O128,10.1002/anie.201201202,ADATIK,2.1179469
UBUROY_clean.cif,Zn2Cu8C12N12,10.1016/S1387-7003(01)00241-6,UBUROY,1.4966168
GAWMAU_clean.cif,Cu12H80C68N32O48,10.1016/j.inoche.2011.09.012,GAWMAU,2.3614964
LUNBIF_clean.cif,Zn4W12C12S16N12,10.1021/cm020103b,LUNBIF,1.490293
YAZWOM_clean.cif,Cu6H78C42N12Cl6O18,10.1016/j.inoche.2005.09.008,YAZWOM,2.5037122
QIWCOQ_clean.cif,Cu4H52C84N16O16,10.1039/C4CE00181H,QIWCOQ,2.299792
LUNBEB_clean.cif,Co6W12C12S16N12,10.1021/cm020103b,LUNBEB,1.4457043
cg501332u_si_002_clean.cif,Co2Cu8B4H90C102N36O32,10.1021/cg501332u,cg501332u_si_002,2.3678112
BEPVOJ_clean.cif,Cu6H42C40N16,10.1039/c3sc00016h,BEPVOJ,2.1416922
TIQGEG01_clean.cif,Cu14H24C32O44,10.1021/cm071005z,TIQGEG01,1.689126
KANMIX_clean.cif,Cu12H36C84N12O48,10.3390/polym3042133,KANMIX,2.0775828
PEFSUQ_clean.cif,Cu6H48C69N18O18,10.1021/cg300440t,PEFSUQ,2.257092
HEXVEM_clean.cif,Cu12H120C192N48O48,10.1021/ja066616r,HEXVEM,2.3063378
XEYMAR_clean.cif,Mn8Cu16H72C96I16N16O40,10.1021/cm302953x,XEYMAR,2.3508568
AQUCOF_clean.cif,Cu12H30C50N20O20,10.1016/j.ica.2011.04.006,AQUCOF,1.9442861
cm501138g_si_008_clean.cif,Cu12H24C72O48,10.1021/cm501138g,cm501138g_si_008,1.836939
LUMZUO_clean.cif,Mn6W12C12S16N12,10.1021/cm020103b,LUMZUO,1.4754549
MAWFAT_charged.cif,Mn4Cu6H296C208N16O36,10.1039/c2cc17767f,MAWFAT,2.8459606
